rownumber,user_id,user_name,user_surname,simulation_id,simulation_name,signup_datetime
1,35675,Ahmet,Yılmaz,sim_43,Arabam.com: Son Sürat Büyüme,12/10/2023 14:21:53
2,84329,Burak,Kaya,sim_18,L'Oréal: Content Dilemma,11/29/2023 22:36:45
3,46259,Cemre,Öztürk,sim_43,Arabam.com: Son Sürat Büyüme,11/15/2023 5:45:12
4,61478,Deniz,Aydoğan,sim_33,Bain & Company: Entering the Cryptosphere,11/3/2023 18:56:32
5,78014,Elif,Koç,sim_99,H Company: Bu Sefer Kesin Patladık,12/21/2023 12:30:21
6,91372,Fatih,Demir,Sim_52,Getmobil: Dijital Rönesans,12/3/2023 21:09:47
7,51204,Gamze,Erdoğan,sim_76,Proludus: Labirent,11/25/2023 3:02:18
8,33579,Hakan,Yıldırım,sim_33,Bain & Company: Entering the Cryptosphere,12/11/2023 14:07:59
9,68888,Irmak,Arslan,sim_67,Fiddle Meal: Operasyon: Beslenme,11/1/2023 8:40:37
10,25391,Jale,Atalay,sim_22,Lonca: The Wholesale Redefined,11/20/2023 10:52:45
11,55746,Mehmet,Tekin,sim_33,Bain & Company: Entering the Cryptosphere,12/5/2023 17:45:29
12,81953,Seda,Kaya,sim_43,Arabam.com: Son Sürat Büyüme,11/7/2023 9:32:14
13,44377,Gökhan,Yılmaz,sim_76,Proludus: Labirent,12/16/2023 14:18:50
14,71691,Sevda,Koç,sim_18,L'Oréal: Content Dilemma,11/24/2023 2:06:37
15,67922,Efe,Cem,sim_43,Arabam.com: Son Sürat Büyüme,12/29/2023 19:55:08
16,29506,Emine,Aydın,sim_99,H Company: Bu Sefer Kesin Patladık,12/18/2023 11:29:04
17,83144,Emre,Yıldırım,sim_43,Arabam.com: Son Sürat Büyüme,12/7/2023 6:43:21
18,42896,Merve,Toprak,sim_67,Fiddle Meal: Operasyon: Beslenme,11/13/2023 13:54:36
19,69047,Furkan,Güler,sim_33,Bain & Company: Entering the Cryptosphere,11/2/2023 16:27:52
20,17881,Selin,Öztürk,sim_22,Lonca: The Wholesale Redefined,11/14/2023 22:14:19
21,74928,İrem,Ay,sim_22,Lonca: The Wholesale Redefined,12/23/2023 14:03:45
22,98237,Burcu,Yılmaz,sim_43,Arabam.com: Son Sürat Büyüme,11/1/2023 19:50:12
23,61940,Taylan,Kaya,sim_67,Fiddle Meal: Operasyon: Beslenme,11/11/2023 3:36:29
24,53792,Mert,Tekin,Sim_52,Getmobil: Dijital Rönesans,11/27/2023 20:21:53
25,46015,Gülay,Aydoğan,sim_99,H Company: Bu Sefer Kesin Patladık,12/2/2023 9:36:45
26,34139,Gül,Koç,sim_33,Bain & Company: Entering the Cryptosphere,11/21/2023 5:45:12
27,77467,Ömer,Erdoğan,sim_22,Lonca: The Wholesale Redefined,12/15/2023 18:56:32
28,69281,Yasemin,Yıldırım,sim_43,Arabam.com: Son Sürat Büyüme,11/9/2023 12:30:21
29,42343,Gökçe,Arslan,sim_18,L'Oréal: Content Dilemma,12/4/2023 21:09:47
30,83690,Baran,Atalay,sim_76,Proludus: Labirent,12/26/2023 3:02:18
31,48586,Gözde,Yıldırım,sim_33,Bain & Company: Entering the Cryptosphere,11/17/2023 14:07:59
32,69738,Şule,Güneş,sim_43,Arabam.com: Son Sürat Büyüme,11/27/2023 8:40:37
33,21249,Burhan,Yılmaz,sim_67,Fiddle Meal: Operasyon: Beslenme,11/5/2023 10:52:45
34,56016,Cansu,Arslan,sim_18,L'Oréal: Content Dilemma,12/12/2023 17:45:29
35,36824,Tuna,Koç,sim_43,Arabam.com: Son Sürat Büyüme,11/19/2023 9:32:14
36,89931,Ece,Tekin,sim_99,H Company: Bu Sefer Kesin Patladık,12/30/2023 14:18:50
37,66163,İlkay,Kaya,sim_33,Bain & Company: Entering the Cryptosphere,12/21/2023 2:06:37
38,52907,Gülşen,Avcı,Sim_52,Getmobil: Dijital Rönesans,11/8/2023 7:32:43
39,69258,Furkan,Yılmaz,sim_22,Lonca: The Wholesale Redefined,11/25/2023 20:35:28
40,81784,Dilan,Koç,sim_76,Proludus: Labirent,12/15/2023 3:05:14
41,17492,Berk,Arslan,sim_43,Arabam.com: Son Sürat Büyüme,12/22/2023 10:12:37
42,69631,Melike,Erdoğan,sim_99,H Company: Bu Sefer Kesin Patladık,12/29/2023 14:29:48
43,42165,Zeynep,Yıldırım,sim_43,Arabam.com: Son Sürat Büyüme,11/22/2023 17:02:34
44,62390,Bahadır,Toprak,sim_33,Bain & Company: Entering the Cryptosphere,11/9/2023 18:14:19
45,87419,Pelin,Güler,sim_76,Proludus: Labirent,11/16/2023 23:05:14
46,59614,Ayhan,Aydoğan,sim_67,Fiddle Meal: Operasyon: Beslenme,12/31/2023 9:44:45
47,48897,Tuğba,Yılmaz,Sim_52,Getmobil: Dijital Rönesans,11/28/2023 3:54:36
48,74726,Fatma,Erdoğan,sim_18,L'Oréal: Content Dilemma,11/19/2023 11:27:52
49,16548,Halit,Kaya,sim_43,Arabam.com: Son Sürat Büyüme,11/14/2023 20:14:19
50,83713,Bilge,Aydoğan,sim_99,H Company: Bu Sefer Kesin Patladık,12/4/2023 3:21:53
51,69159,Levent,Arslan,sim_33,Bain & Company: Entering the Cryptosphere,12/27/2023 12:36:45
52,55492,Şeyma,Güler,sim_22,Lonca: The Wholesale Redefined,12/10/2023 21:45:12
53,91835,Elvan,Koç,sim_43,Arabam.com: Son Sürat Büyüme,11/7/2023 15:56:32
54,49616,Ferit,Erdoğan,sim_43,Arabam.com: Son Sürat Büyüme,11/3/2023 12:30:21
55,76823,Duygu,Arslan,sim_33,Bain & Company: Entering the Cryptosphere,12/21/2023 21:09:47
56,35149,Betül,Yıldırım,sim_99,H Company: Bu Sefer Kesin Patladık,11/25/2023 9:02:18
57,60784,Emirhan,Koç,sim_76,Proludus: Labirent,11/13/2023 14:07:59
58,50342,Müge,Aydoğan,sim_67,Fiddle Meal: Operasyon: Beslenme,11/1/2023 8:40:37
59,68850,Alperen,Yıldırım,Sim_52,Getmobil: Dijital Rönesans,11/18/2023 10:52:45
60,27457,Mehpare,Ay,sim_18,L'Oréal: Content Dilemma,11/18/2023 11:51:25
61,86731,Harun,Kaya,sim_22,Lonca: The Wholesale Redefined,12/10/2023 9:32:14
62,54960,Dilara,Aydoğan,sim_33,Bain & Company: Entering the Cryptosphere,11/24/2023 14:18:50
63,43173,Barış,Erdoğan,sim_43,Arabam.com: Son Sürat Büyüme,12/29/2023 2:06:37
64,79328,Gamze,Aydoğan,sim_67,Fiddle Meal: Operasyon: Beslenme,11/25/2023 19:55:08
65,65382,Caner,Aydoğan,sim_18,L'Oréal: Content Dilemma,12/1/2023 11:29:04
66,79874,Zara,Arslan,sim_43,Arabam.com: Son Sürat Büyüme,11/10/2023 6:43:21
67,60235,İclal,Yıldırım,Sim_52,Getmobil: Dijital Rönesans,11/15/2023 13:54:36
68,37520,Erdem,Güneş,sim_99,H Company: Bu Sefer Kesin Patladık,11/18/2023 16:27:52
69,95761,Can,Yılmaz,sim_76,Proludus: Labirent,11/23/2023 22:14:19
70,60914,Ayşe,Koç,sim_33,Bain & Company: Entering the Cryptosphere,11/27/2023 14:03:45
71,78405,Cansel,Yıldırım,sim_22,Lonca: The Wholesale Redefined,12/4/2023 19:50:12
72,84620,Aytaç,Aydoğan,sim_43,Arabam.com: Son Sürat Büyüme,12/14/2023 3:36:29
73,52815,Sevim,Erdoğan,sim_99,H Company: Bu Sefer Kesin Patladık,11/26/2023 20:21:53
74,65246,Çağla,Koç,sim_33,Bain & Company: Entering the Cryptosphere,11/8/2023 9:36:45
75,81729,Kaan,Aydoğan,sim_76,Proludus: Labirent,12/15/2023 5:45:12
76,42944,Mesut,Yıldırım,sim_18,L'Oréal: Content Dilemma,12/2/2023 12:30:21
77,36419,Esra,Kaya,sim_43,Arabam.com: Son Sürat Büyüme,11/10/2023 21:09:47
78,97583,Ali,Arslan,Sim_52,Getmobil: Dijital Rönesans,12/17/2023 3:02:18
79,69807,Ezel,Erdoğan,sim_67,Fiddle Meal: Operasyon: Beslenme,11/29/2023 18:56:32
80,83152,Soner,Koç,sim_22,Lonca: The Wholesale Redefined,11/20/2023 12:36:45
81,54617,Cemal,Yıldırım,sim_33,Bain & Company: Entering the Cryptosphere,12/5/2023 21:45:12
82,73928,Dilber,Aydoğan,sim_99,H Company: Bu Sefer Kesin Patladık,12/27/2023 18:56:32
83,47441,Seren,Kaya,sim_43,Arabam.com: Son Sürat Büyüme,11/1/2023 11:27:52
84,67520,Ali,Güneş,sim_76,Proludus: Labirent,11/17/2023 14:18:50
85,18935,Özlem,Erdoğan,sim_18,L'Oréal: Content Dilemma,12/21/2023 9:02:18
86,84769,Kerem,Aydoğan,Sim_52,Getmobil: Dijital Rönesans,12/30/2023 5:45:12
87,36294,Müberra,Kaya,sim_67,Fiddle Meal: Operasyon: Beslenme,11/15/2023 10:52:45
88,51459,Murat,Erdoğan,sim_33,Bain & Company: Entering the Cryptosphere,11/23/2023 17:45:29
89,72922,Yıldırım,Yıldırım,sim_22,Lonca: The Wholesale Redefined,11/29/2023 10:32:14
90,95037,Buse,Aydoğan,sim_43,Arabam.com: Son Sürat Büyüme,12/12/2023 21:09:47
91,68706,Fatih,Kaya,sim_99,H Company: Bu Sefer Kesin Patladık,11/5/2023 9:36:45
92,32863,Berrak,Erdoğan,sim_76,Proludus: Labirent,11/12/2023 5:45:12
93,79110,Alp,Yıldırım,sim_18,L'Oréal: Content Dilemma,12/18/2023 12:30:21
94,64692,Ceylan,Aydoğan,sim_43,Arabam.com: Son Sürat Büyüme,11/27/2023 21:09:47
95,32871,Merve,Kaya,Sim_52,Getmobil: Dijital Rönesans,12/5/2023 3:02:18
96,48314,Arda,Arslan,sim_67,Fiddle Meal: Operasyon: Beslenme,12/21/2023 13:54:36
97,69175,Melis,Yılmaz,sim_33,Bain & Company: Entering the Cryptosphere,11/13/2023 19:55:08
98,59781,Emel,Erdoğan,sim_18,L'Oréal: Content Dilemma,11/19/2023 11:29:04
99,84916,Sami,Yıldırım,sim_99,H Company: Bu Sefer Kesin Patladık,11/27/2023 6:43:21
100,41649,Elif,Aydoğan,sim_22,Lonca: The Wholesale Redefined,12/7/2023 13:54:36
101,64210,Yeliz,Koç,sim_76,Proludus: Labirent,11/2/2023 18:56:32
102,75128,Doğan,Aydoğan,sim_67,Fiddle Meal: Operasyon: Beslenme,12/19/2023 11:27:52
103,69593,Zeliha,Yıldırım,sim_43,Arabam.com: Son Sürat Büyüme,11/8/2023 9:36:45
104,56860,Hacer,Kaya,sim_76,Proludus: Labirent,11/22/2023 5:45:12
105,49224,Alp,Aydoğan,sim_18,L'Oréal: Content Dilemma,12/1/2023 12:30:21
106,72855,Begüm,Erdoğan,sim_99,H Company: Bu Sefer Kesin Patladık,11/10/2023 21:09:47
107,81549,Mücahit,Koç,sim_33,Bain & Company: Entering the Cryptosphere,12/16/2023 3:02:18
108,62114,Seren,Yıldırım,sim_22,Lonca: The Wholesale Redefined,11/25/2023 8:56:32
109,46579,Büşra,Aydoğan,sim_43,Arabam.com: Son Sürat Büyüme,11/29/2023 14:03:45
110,68366,Ali,Kaya,Sim_52,Getmobil: Dijital Rönesans,12/2/2023 19:50:12
111,37923,Deniz,Aydoğan,sim_18,L'Oréal: Content Dilemma,11/7/2023 3:36:29
112,95370,Berk,Yıldırım,sim_99,H Company: Bu Sefer Kesin Patladık,12/15/2023 20:21:53
113,61637,Nazlı,Aydoğan,sim_67,Fiddle Meal: Operasyon: Beslenme,11/13/2023 9:36:45
114,71808,Yunus,Erdoğan,sim_43,Arabam.com: Son Sürat Büyüme,12/21/2023 5:45:12
115,48384,Zara,Kaya,sim_33,Bain & Company: Entering the Cryptosphere,12/28/2023 12:30:21
116,84552,Mustafa,Aydoğan,sim_76,Proludus: Labirent,11/14/2023 21:09:47
117,58196,Meral,Yıldırım,Sim_52,Getmobil: Dijital Rönesans,11/3/2023 3:02:18
118,46743,Ozan,Koç,sim_22,Lonca: The Wholesale Redefined,12/26/2023 18:56:32
119,79315,Pelin,Aydoğan,sim_18,L'Oréal: Content Dilemma,11/2/2023 14:29:48
120,62180,Emre,Erdoğan,sim_43,Arabam.com: Son Sürat Büyüme,11/8/2023 2:06:37
121,75937,Betül,Koç,sim_76,Proludus: Labirent,11/15/2023 21:45:12
122,49700,Eren,Aydoğan,sim_33,Bain & Company: Entering the Cryptosphere,11/29/2023 18:56:32
123,63102,Özge,Yıldırım,sim_18,L'Oréal: Content Dilemma,11/6/2023 14:03:45
124,38436,Tarık,Erdoğan,sim_43,Arabam.com: Son Sürat Büyüme,12/23/2023 20:21:53
125,98879,Nihal,Yıldırım,sim_99,H Company: Bu Sefer Kesin Patladık,12/11/2023 9:36:45
126,71326,Gökhan,Aydoğan,Sim_52,Getmobil: Dijital Rönesans,12/18/2023 5:45:12
127,52784,Hazal,Koç,sim_67,Fiddle Meal: Operasyon: Beslenme,11/22/2023 12:30:21
128,64231,Nazlı,Yıldırım,sim_22,Lonca: The Wholesale Redefined,11/1/2023 21:09:47
129,87468,Ezgi,Aydoğan,sim_99,H Company: Bu Sefer Kesin Patladık,12/30/2023 3:36:29
130,59827,Taha,Erdoğan,sim_43,Arabam.com: Son Sürat Büyüme,11/17/2023 21:09:47
131,46284,Zehra,Yıldırım,sim_76,Proludus: Labirent,11/25/2023 11:27:52
132,75923,Semih,Koç,sim_33,Bain & Company: Entering the Cryptosphere,11/13/2023 9:36:45
133,61809,Özgür,Aydoğan,Sim_52,Getmobil: Dijital Rönesans,12/3/2023 18:56:32
134,49462,Nisa,Kaya,sim_18,L'Oréal: Content Dilemma,11/19/2023 3:02:18
135,86533,Meltem,Erdoğan,sim_67,Fiddle Meal: Operasyon: Beslenme,12/1/2023 18:56:32
136,73190,Kaan,Yıldırım,sim_22,Lonca: The Wholesale Redefined,11/22/2023 17:45:29
137,52431,Nur,Aydoğan,sim_99,H Company: Bu Sefer Kesin Patladık,12/29/2023 6:43:21
138,68122,Murat,Koç,sim_43,Arabam.com: Son Sürat Büyüme,12/15/2023 21:45:12
139,93917,Gizem,Aydoğan,sim_76,Proludus: Labirent,11/8/2023 9:36:45
140,58206,Selim,Yıldırım,sim_33,Bain & Company: Entering the Cryptosphere,11/25/2023 3:54:36
141,41615,Gözde,Kaya,sim_18,L'Oréal: Content Dilemma,11/2/2023 12:30:21
142,69374,Tugay,Erdoğan,sim_43,Arabam.com: Son Sürat Büyüme,11/14/2023 21:09:47
143,85770,Burcu,Aydoğan,sim_99,H Company: Bu Sefer Kesin Patladık,12/21/2023 18:56:32
144,59123,Samet,Koç,Sim_52,Getmobil: Dijital Rönesans,11/3/2023 3:02:18
145,43889,İpek,Aydoğan,sim_67,Fiddle Meal: Operasyon: Beslenme,12/19/2023 10:52:45
146,73904,Cem,Yıldırım,sim_22,Lonca: The Wholesale Redefined,11/7/2023 17:45:29
147,62549,Şeyma,Kaya,sim_33,Bain & Company: Entering the Cryptosphere,11/16/2023 10:32:14
148,89255,Oktay,Yıldırım,sim_76,Proludus: Labirent,11/26/2023 12:36:45
149,50768,Gülsüm,Aydoğan,sim_18,L'Oréal: Content Dilemma,12/12/2023 21:45:12
150,68101,Büşra,Koç,sim_43,Arabam.com: Son Sürat Büyüme,11/9/2023 9:36:45
151,41938,Burak,Yıldırım,sim_99,H Company: Bu Sefer Kesin Patladık,11/19/2023 20:21:53
152,59495,Mete,Erdoğan,Sim_52,Getmobil: Dijital Rönesans,12/28/2023 3:36:29
153,74960,Göknur,Aydoğan,sim_67,Fiddle Meal: Operasyon: Beslenme,11/6/2023 20:21:53
154,68146,Mehmet,Yıldırım,sim_22,Lonca: The Wholesale Redefined,11/11/2023 14:03:45
155,89832,Berfin,Koç,sim_33,Bain & Company: Entering the Cryptosphere,12/15/2023 18:56:32
156,45867,İrem,Aydoğan,sim_22,Lonca: The Wholesale Redefined,11/20/2023 12:36:45
157,60724,Tuna,Koç,sim_99,H Company: Bu Sefer Kesin Patladık,11/5/2023 21:45:12
158,81481,Gonca,Yıldırım,sim_33,Bain & Company: Entering the Cryptosphere,12/30/2023 6:43:21
159,36137,Kemal,Aydoğan,sim_76,Proludus: Labirent,11/14/2023 13:54:36
160,75614,Betül,Koç,sim_67,Fiddle Meal: Operasyon: Beslenme,11/22/2023 17:45:29
161,63520,Gülay,Yıldırım,sim_43,Arabam.com: Son Sürat Büyüme,11/9/2023 9:32:14
162,50893,Bora,Koç,Sim_52,Getmobil: Dijital Rönesans,11/27/2023 10:52:45
163,48275,Aydan,Aydoğan,sim_18,L'Oréal: Content Dilemma,12/4/2023 20:14:19
164,76409,Murat,Yıldırım,sim_43,Arabam.com: Son Sürat Büyüme,11/18/2023 14:29:48
165,52928,Betül,Aydoğan,sim_99,H Company: Bu Sefer Kesin Patladık,12/27/2023 11:27:52
166,60347,Melis,Yıldırım,sim_33,Bain & Company: Entering the Cryptosphere,11/1/2023 9:36:45
167,41518,Mustafa,Aydoğan,sim_76,Proludus: Labirent,11/8/2023 5:45:12
168,72101,Fatma,Koç,sim_43,Arabam.com: Son Sürat Büyüme,12/15/2023 12:30:21
169,38864,Ahmet,Yıldırım,sim_67,Fiddle Meal: Operasyon: Beslenme,11/22/2023 18:56:32
170,95293,Gülden,Koç,sim_18,L'Oréal: Content Dilemma,11/4/2023 3:02:18
171,53970,Ezgi,Yıldırım,Sim_52,Getmobil: Dijital Rönesans,11/11/2023 18:56:32
172,66987,Orhan,Aydoğan,sim_22,Lonca: The Wholesale Redefined,12/22/2023 12:36:45
173,87451,Ceren,Koç,sim_99,H Company: Bu Sefer Kesin Patladık,11/10/2023 21:45:12
174,59886,Ömer,Yıldırım,sim_33,Bain & Company: Entering the Cryptosphere,11/26/2023 9:36:45
175,47059,Cansu,Aydoğan,sim_76,Proludus: Labirent,11/13/2023 5:45:12
176,71308,Mehmet,Yıldırım,sim_67,Fiddle Meal: Operasyon: Beslenme,11/28/2023 12:30:21
177,82713,Ela,Koç,sim_18,L'Oréal: Content Dilemma,12/5/2023 21:09:47
178,65392,Ege,Aydoğan,sim_43,Arabam.com: Son Sürat Büyüme,11/16/2023 3:02:18
179,45928,Gizem,Yıldırım,Sim_52,Getmobil: Dijital Rönesans,12/31/2023 18:56:32
180,80236,Burak,Koç,sim_99,H Company: Bu Sefer Kesin Patladık,11/23/2023 10:32:14
181,58497,Nisa,Aydoğan,sim_22,Lonca: The Wholesale Redefined,12/19/2023 17:45:29
182,41472,Süleyman,Koç,sim_33,Bain & Company: Entering the Cryptosphere,11/9/2023 9:36:45
183,75538,Merve,Yıldırım,sim_76,Proludus: Labirent,11/17/2023 21:45:12
184,64913,Mert,Aydoğan,sim_43,Arabam.com: Son Sürat Büyüme,12/24/2023 9:36:45
185,51784,Elif,Koç,Sim_52,Getmobil: Dijital Rönesans,11/13/2023 5:45:12
186,83201,Taner,Yıldırım,sim_33,Bain & Company: Entering the Cryptosphere,11/21/2023 12:30:21
187,69408,Merve,Aydoğan,sim_18,L'Oréal: Content Dilemma,12/5/2023 21:09:47
188,58740,Muhammet,Yıldırım,sim_99,H Company: Bu Sefer Kesin Patladık,11/30/2023 3:02:18
189,40597,Ekin,Koç,sim_67,Fiddle Meal: Operasyon: Beslenme,12/6/2023 18:56:32
190,72065,Yağmur,Aydoğan,sim_22,Lonca: The Wholesale Redefined,11/18/2023 10:32:14
191,87430,Betül,Yıldırım,sim_76,Proludus: Labirent,11/24/2023 17:45:29
192,50380,Cem,Koç,sim_33,Bain & Company: Entering the Cryptosphere,12/4/2023 9:36:45
193,67731,Esra,Yıldırım,Sim_52,Getmobil: Dijital Rönesans,11/27/2023 5:45:12
194,93744,Yasin,Aydoğan,sim_43,Arabam.com: Son Sürat Büyüme,12/18/2023 12:30:21
195,58234,Ahmet,Koç,sim_99,H Company: Bu Sefer Kesin Patladık,11/11/2023 21:45:12
196,46902,Nil,Aydoğan,sim_18,L'Oréal: Content Dilemma,11/19/2023 9:36:45
197,71359,Sevil,Yıldırım,sim_67,Fiddle Meal: Operasyon: Beslenme,12/9/2023 6:43:21
198,52974,Baran,Koç,sim_76,Proludus: Labirent,11/13/2023 21:09:47
199,64530,Belgin,Aydoğan,sim_22,Lonca: The Wholesale Redefined,11/25/2023 14:03:45
200,41827,Yasin,Yıldırım,sim_33,Bain & Company: Entering the Cryptosphere,12/17/2023 18:56:32
201,87001,Büşra,Aydoğan,sim_18,L'Oréal: Content Dilemma,11/26/2023 12:30:21
202,61182,Yavuz,Yıldırım,sim_43,Arabam.com: Son Sürat Büyüme,11/2/2023 13:54:36
203,50614,Büşra,Koç,sim_99,H Company: Bu Sefer Kesin Patladık,12/12/2023 6:43:21
204,77583,Mustafa,Aydoğan,sim_33,Bain & Company: Entering the Cryptosphere,11/28/2023 21:09:47
205,48906,Emre,Yıldırım,sim_67,Fiddle Meal: Operasyon: Beslenme,11/5/2023 10:52:45
206,68745,Zeynep,Aydoğan,sim_76,Proludus: Labirent,12/1/2023 17:45:29
207,39282,Kerem,Koç,sim_22,Lonca: The Wholesale Redefined,11/18/2023 9:32:14
208,95720,Zehra,Yıldırım,Sim_52,Getmobil: Dijital Rönesans,11/22/2023 2:06:37
209,51597,Gökhan,Koç,sim_43,Arabam.com: Son Sürat Büyüme,12/29/2023 13:54:36
210,63914,Gözde,Aydoğan,sim_33,Bain & Company: Entering the Cryptosphere,11/24/2023 9:36:45
211,87436,Erkan,Yıldırım,sim_18,L'Oréal: Content Dilemma,12/9/2023 21:45:12
212,50893,Ece,Aydoğan,sim_76,Proludus: Labirent,11/17/2023 12:30:21
213,71620,Tarkan,Koç,sim_43,Arabam.com: Son Sürat Büyüme,12/22/2023 21:09:47
214,48509,Selin,Yıldırım,sim_99,H Company: Bu Sefer Kesin Patladık,11/3/2023 5:45:12
215,73185,Sercan,Aydoğan,Sim_52,Getmobil: Dijital Rönesans,12/10/2023 12:36:45
216,59721,Nida,Koç,sim_67,Fiddle Meal: Operasyon: Beslenme,11/29/2023 18:56:32
217,82640,Nihal,Aydoğan,sim_22,Lonca: The Wholesale Redefined,12/5/2023 3:02:18
218,54960,Ceyda,Yıldırım,sim_33,Bain & Company: Entering the Cryptosphere,11/14/2023 20:21:53
219,37245,Özgür,Koç,sim_18,L'Oréal: Content Dilemma,11/1/2023 21:45:12
220,92580,Şeyma,Aydoğan,sim_43,Arabam.com: Son Sürat Büyüme,11/26/2023 9:36:45
221,61683,Bahadır,Yıldırım,sim_99,H Company: Bu Sefer Kesin Patladık,12/4/2023 5:45:12
222,48236,Merve,Koç,sim_76,Proludus: Labirent,11/10/2023 12:30:21
223,76859,Mustafa,Yıldırım,Sim_52,Getmobil: Dijital Rönesans,12/27/2023 21:09:47
224,39482,Zeynep,Aydoğan,sim_67,Fiddle Meal: Operasyon: Beslenme,11/13/2023 3:02:18
225,98154,Alp,Koç,sim_22,Lonca: The Wholesale Redefined,11/22/2023 18:56:32
226,53821,Ezgi,Yıldırım,sim_33,Bain & Company: Entering the Cryptosphere,12/3/2023 10:32:14
227,71598,Yücel,Koç,sim_43,Arabam.com: Son Sürat Büyüme,12/15/2023 17:45:29
228,89450,Emine,Aydoğan,sim_76,Proludus: Labirent,11/9/2023 14:03:45
229,48295,Muhammet,Koç,sim_99,H Company: Bu Sefer Kesin Patladık,11/20/2023 6:43:21
230,60843,Serap,Yıldırım,sim_33,Bain & Company: Entering the Cryptosphere,12/26/2023 12:36:45
231,76360,Mustafa,Aydoğan,Sim_52,Getmobil: Dijital Rönesans,11/5/2023 5:45:12
232,49708,Cansu,Koç,sim_67,Fiddle Meal: Operasyon: Beslenme,11/11/2023 21:09:47
233,63789,Ali,Yıldırım,sim_22,Lonca: The Wholesale Redefined,12/20/2023 18:56:32
234,81437,Gamze,Koç,sim_18,L'Oréal: Content Dilemma,11/13/2023 12:30:21
235,52920,Sedat,Aydoğan,sim_43,Arabam.com: Son Sürat Büyüme,12/1/2023 21:45:12
236,74201,Asuman,Yıldırım,Sim_52,Getmobil: Dijital Rönesans,11/28/2023 9:36:45
237,50316,Cemil,Koç,sim_67,Fiddle Meal: Operasyon: Beslenme,12/14/2023 5:45:12
238,67891,Bilge,Aydoğan,sim_18,L'Oréal: Content Dilemma,11/8/2023 21:09:47
239,44943,Serkan,Yıldırım,sim_43,Arabam.com: Son Sürat Büyüme,12/2/2023 10:32:14
240,89744,Büşra,Koç,sim_76,Proludus: Labirent,11/22/2023 17:45:29
241,61578,Hayriye,Aydoğan,sim_33,Bain & Company: Entering the Cryptosphere,12/8/2023 3:02:18
242,77437,Göktürk,Koç,sim_99,H Company: Bu Sefer Kesin Patladık,11/19/2023 20:21:53
243,52969,Elif,Yıldırım,sim_22,Lonca: The Wholesale Redefined,11/24/2023 3:36:29
244,68526,Hakan,Koç,Sim_52,Getmobil: Dijital Rönesans,12/30/2023 12:36:45
245,45986,Melike,Aydoğan,sim_76,Proludus: Labirent,11/4/2023 21:09:47
246,63708,Yasin,Koç,sim_43,Arabam.com: Son Sürat Büyüme,12/10/2023 18:56:32
247,80523,Gamze,Yıldırım,sim_99,H Company: Bu Sefer Kesin Patladık,11/14/2023 12:30:21
248,57949,Hüseyin,Aydoğan,Sim_52,Getmobil: Dijital Rönesans,12/21/2023 21:45:12
249,39885,Asuman,Koç,sim_67,Fiddle Meal: Operasyon: Beslenme,11/29/2023 3:02:18
250,96034,Kürşat,Yıldırım,sim_18,L'Oréal: Content Dilemma,11/6/2023 9:36:45
251,51942,Gözde,Aydoğan,sim_22,Lonca: The Wholesale Redefined,12/14/2023 5:45:12
252,73301,Mehmet,Koç,sim_33,Bain & Company: Entering the Cryptosphere,11/2/2023 10:32:14
253,69726,Yasemin,Yıldırım,sim_76,Proludus: Labirent,12/17/2023 17:45:29
254,45068,Selin,Koç,sim_99,H Company: Bu Sefer Kesin Patladık,11/26/2023 10:32:14
255,82947,Koray,Yıldırım,sim_33,Bain & Company: Entering the Cryptosphere,12/7/2023 5:45:12
256,59159,Büşra,Koç,sim_76,Proludus: Labirent,11/13/2023 21:09:47
257,70555,Emirhan,Aydoğan,Sim_52,Getmobil: Dijital Rönesans,12/24/2023 12:30:21
258,88456,Hüseyin,Koç,sim_67,Fiddle Meal: Operasyon: Beslenme,11/3/2023 21:45:12
259,51167,Ela,Yıldırım,sim_43,Arabam.com: Son Sürat Büyüme,12/30/2023 6:43:21
260,66827,Yasemin,Koç,sim_22,Lonca: The Wholesale Redefined,11/19/2023 18:56:32
261,78465,Berkay,Yıldırım,sim_18,L'Oréal: Content Dilemma,11/27/2023 12:30:21
262,57906,Fatih,Koç,sim_33,Bain & Company: Entering the Cryptosphere,12/12/2023 21:09:47
263,37194,Meltem,Yıldırım,sim_76,Proludus: Labirent,11/2/2023 18:56:32
264,75950,Yusuf,Aydoğan,sim_99,H Company: Bu Sefer Kesin Patladık,12/18/2023 9:36:45
265,48721,Şeyma,Yıldırım,Sim_52,Getmobil: Dijital Rönesans,11/9/2023 5:45:12
266,63749,Cem,Koç,sim_18,L'Oréal: Content Dilemma,12/26/2023 21:09:47
267,90856,Gözde,Yıldırım,sim_43,Arabam.com: Son Sürat Büyüme,11/16/2023 12:30:21
268,54361,Gizem,Koç,sim_67,Fiddle Meal: Operasyon: Beslenme,11/4/2023 21:45:12
269,77285,Mehmet,Yıldırım,sim_22,Lonca: The Wholesale Redefined,12/31/2023 18:56:32
270,51640,Zara,Koç,sim_33,Bain & Company: Entering the Cryptosphere,11/6/2023 10:32:14
271,70151,Mert,Yıldırım,sim_76,Proludus: Labirent,12/23/2023 5:45:12
272,49174,Nilay,Koç,sim_18,L'Oréal: Content Dilemma,11/11/2023 12:30:21
273,77513,Batuhan,Yıldırım,sim_43,Arabam.com: Son Sürat Büyüme,12/22/2023 18:56:32
274,53658,Merve,Koç,sim_33,Bain & Company: Entering the Cryptosphere,11/17/2023 21:09:47
275,90846,Elif,Yıldırım,sim_99,H Company: Bu Sefer Kesin Patladık,12/4/2023 3:36:29
276,69987,Korhan,Koç,sim_76,Proludus: Labirent,11/8/2023 14:29:48
277,57243,Büşra,Yıldırım,Sim_52,Getmobil: Dijital Rönesans,12/29/2023 9:36:45
278,82664,Serkan,Koç,sim_67,Fiddle Meal: Operasyon: Beslenme,11/3/2023 12:36:45
279,50049,Gizem,Yıldırım,sim_22,Lonca: The Wholesale Redefined,12/15/2023 20:21:53
280,68160,Tarık,Koç,sim_18,L'Oréal: Content Dilemma,11/9/2023 3:02:18
281,46575,Zeynep,Yıldırım,sim_43,Arabam.com: Son Sürat Büyüme,12/17/2023 17:45:29
282,78248,Fatma,Koç,sim_76,Proludus: Labirent,11/10/2023 12:30:21
283,54434,Kerem,Yıldırım,sim_99,H Company: Bu Sefer Kesin Patladık,12/6/2023 21:09:47
284,36987,Ceyda,Koç,Sim_52,Getmobil: Dijital Rönesans,11/13/2023 5:45:12
285,77812,Baran,Yıldırım,sim_67,Fiddle Meal: Operasyon: Beslenme,12/28/2023 12:36:45
286,55410,Süleyman,Koç,sim_22,Lonca: The Wholesale Redefined,11/5/2023 18:56:32
287,74118,Gözde,Yıldırım,sim_33,Bain & Company: Entering the Cryptosphere,12/1/2023 3:02:18
288,51939,Berkay,Koç,sim_18,L'Oréal: Content Dilemma,11/14/2023 20:21:53
289,87244,Melis,Yıldırım,sim_43,Arabam.com: Son Sürat Büyüme,12/29/2023 10:32:14
290,60209,Mert,Koç,sim_76,Proludus: Labirent,11/1/2023 9:36:45
291,76884,Melike,Yıldırım,sim_99,H Company: Bu Sefer Kesin Patladık,12/23/2023 6:43:21
292,53185,Semih,Koç,Sim_52,Getmobil: Dijital Rönesans,11/8/2023 21:45:12
293,84526,Melis,Yıldırım,sim_33,Bain & Company: Entering the Cryptosphere,12/16/2023 12:30:21
294,58613,Alp,Koç,sim_67,Fiddle Meal: Operasyon: Beslenme,11/15/2023 21:09:47
295,48719,Gözde,Yıldırım,sim_22,Lonca: The Wholesale Redefined,12/30/2023 17:45:29
296,70331,Beril,Koç,sim_18,L'Oréal: Content Dilemma,11/3/2023 10:32:14
297,56650,Melih,Yıldırım,sim_43,Arabam.com: Son Sürat Büyüme,12/21/2023 18:56:32
298,82406,Ceren,Koç,sim_76,Proludus: Labirent,11/7/2023 3:02:18
299,51953,Ercan,Yıldırım,sim_99,H Company: Bu Sefer Kesin Patladık,12/24/2023 9:36:45
300,76389,Süleyman,Koç,sim_33,Bain & Company: Entering the Cryptosphere,11/8/2023 5:45:12